"Date ","series ","OPEN ","HIGH ","LOW ","PREV. CLOSE ","ltp ","close ","vwap ","52W H ","52W L ","VOLUME ","VALUE ","No of trades "
"29-Nov-2024","EQ","110.89","111.50","110.00","110.36","111.10","111.44","111.03","119.00","67.10","3,85,261","4,27,73,917.31","4,916"
"28-Nov-2024","EQ","109.96","110.50","108.83","109.97","110.30","110.36","110.02","119.00","67.10","4,20,434","4,62,56,283.41","5,242"
"27-Nov-2024","EQ","111.90","111.90","108.00","108.80","110.40","109.97","109.35","119.00","67.10","2,71,531","2,96,92,381.80","4,882"
"26-Nov-2024","EQ","109.40","110.49","108.40","109.91","108.50","108.80","109.15","119.00","67.10","3,74,229","4,08,46,448.06","7,511"
"25-Nov-2024","EQ","113.60","113.60","109.26","110.31","110.00","109.91","110.37","119.00","67.10","6,65,731","7,34,78,267.22","9,252"
"22-Nov-2024","EQ","112.26","112.89","109.12","110.07","110.20","110.31","110.48","119.00","67.03","4,48,379","4,95,39,032.02","6,447"
"21-Nov-2024","EQ","108.50","112.00","108.43","108.43","110.50","110.07","109.59","119.00","67.03","4,60,025","5,04,14,780.07","8,230"
"19-Nov-2024","EQ","110.24","114.41","107.10","110.25","109.31","108.43","110.51","119.00","67.03","9,80,837","10,83,94,492.22","11,047"
"18-Nov-2024","EQ","111.11","118.00","106.00","111.24","110.41","110.25","109.39","119.00","67.03","10,03,906","10,98,19,312.98","14,682"
"14-Nov-2024","EQ","109.01","114.45","107.48","108.78","111.40","111.24","111.78","119.00","64.75","10,96,009","12,25,10,146.95","11,889"
"13-Nov-2024","EQ","113.99","116.95","107.00","113.87","109.99","108.78","110.75","119.00","64.75","13,96,777","15,46,90,478.51","24,204"
"12-Nov-2024","EQ","112.34","119.00","104.50","112.34","114.00","113.87","115.37","119.00","64.75","29,57,578","34,12,08,707.07","27,735"
"11-Nov-2024","EQ","104.91","113.50","104.31","104.90","112.30","112.34","109.21","113.50","64.75","18,23,555","19,91,59,179.62","17,423"
"08-Nov-2024","EQ","103.01","105.95","103.01","103.01","104.51","104.90","105.01","105.95","62.44","8,50,446","8,93,03,518.67","9,353"
"07-Nov-2024","EQ","101.26","105.22","101.26","101.26","102.42","103.01","104.03","105.22","62.44","16,38,735","17,04,72,195.10","13,828"
"06-Nov-2024","EQ","98.90","101.44","97.62","97.00","101.44","101.26","100.41","102.75","62.44","12,88,972","12,94,23,856.85","10,141"
"05-Nov-2024","EQ","96.06","97.88","96.06","97.05","97.08","97.00","97.06","102.75","62.44","3,68,518","3,57,69,384.10","5,928"
"04-Nov-2024","EQ","98.87","98.87","96.02","96.87","97.47","97.05","97.19","102.75","62.44","4,81,780","4,68,25,188.21","8,894"
"01-Nov-2024","EQ","98.00","98.20","94.60","98.21","96.35","96.87","97.14","102.75","59.11","2,66,539","2,58,92,527.51","6,133"
"31-Oct-2024","EQ","98.95","98.95","98.00","99.04","98.20","98.21","98.36","102.75","59.11","2,41,305","2,37,35,448.40","5,699"
"30-Oct-2024","EQ","99.02","99.32","98.21","97.79","99.08","99.04","98.95","102.75","59.11","6,79,011","6,71,90,387.73","5,278"
"29-Oct-2024","EQ","97.51","99.49","97.50","98.07","97.81","97.79","97.77","102.75","59.11","7,75,872","7,58,56,533.40","5,197"
"28-Oct-2024","EQ","97.17","98.30","97.11","97.17","98.13","98.07","97.78","102.75","59.11","5,80,728","5,67,81,595.20","6,030"
"25-Oct-2024","EQ","97.65","97.65","95.70","97.15","97.01","97.17","96.93","102.75","59.00","7,13,651","6,91,70,729.67","6,064"
"24-Oct-2024","EQ","96.98","97.65","96.01","97.66","97.65","97.15","96.84","102.75","59.00","4,09,771","3,96,82,911.96","5,311"
"23-Oct-2024","EQ","98.98","98.98","94.10","95.24","97.10","97.66","97.56","102.75","59.00","13,21,309","12,89,03,602.49","6,165"
"22-Oct-2024","EQ","97.80","97.80","95.09","95.98","95.38","95.24","95.67","102.75","59.00","3,30,572","3,16,27,474.41","5,522"
"21-Oct-2024","EQ","97.18","97.19","95.80","96.14","95.83","95.98","96.42","102.75","59.00","4,34,287","4,18,73,153.60","5,431"
"18-Oct-2024","EQ","97.89","97.89","95.53","96.16","96.17","96.14","96.05","102.75","59.00","3,91,283","3,75,83,674.35","4,615"
"17-Oct-2024","EQ","97.81","98.72","95.05","96.50","96.19","96.16","96.05","102.75","59.00","3,59,531","3,45,31,364.51","5,551"
"16-Oct-2024","EQ","96.98","96.99","95.52","97.17","96.88","96.50","96.41","102.75","59.00","2,07,837","2,00,37,464.85","5,889"
"15-Oct-2024","EQ","97.49","97.59","96.38","97.20","96.99","97.17","97.07","102.75","59.00","5,84,031","5,66,91,350.24","7,002"
"14-Oct-2024","EQ","97.05","97.78","95.06","97.05","97.15","97.20","97.27","102.75","59.00","4,16,888","4,05,52,509.14","5,823"
"11-Oct-2024","EQ","96.49","97.25","95.60","95.66","97.00","97.05","96.75","102.75","59.00","11,44,783","11,07,54,498.96","6,556"
"10-Oct-2024","EQ","95.51","96.17","95.23","95.49","95.70","95.66","95.84","102.75","59.00","4,36,649","4,18,46,719.63","5,139"
"09-Oct-2024","EQ","95.20","95.84","94.64","94.34","95.74","95.49","95.39","102.75","59.00","6,40,619","6,11,06,897.55","5,067"
"08-Oct-2024","EQ","96.90","96.90","93.55","94.06","94.50","94.34","93.98","102.75","59.00","3,20,205","3,00,92,418.80","5,576"
"07-Oct-2024","EQ","95.85","95.85","93.22","94.06","93.77","94.06","94.51","102.75","59.00","7,23,152","6,83,41,950.45","8,955"
"04-Oct-2024","EQ","94.49","94.55","93.59","93.56","93.81","94.06","94.20","102.75","59.00","3,50,394","3,30,06,048.25","5,140"
"03-Oct-2024","EQ","94.21","95.78","93.16","94.78","93.40","93.56","94.14","102.75","59.00","7,16,344","6,74,39,565.03","10,975"
"01-Oct-2024","EQ","95.17","96.95","94.46","94.88","94.70","94.78","95.44","102.75","59.00","5,08,284","4,85,11,940.35","6,468"
"30-Sep-2024","EQ","95.31","95.80","94.10","94.95","94.50","94.88","94.74","102.75","59.00","6,00,805","5,69,20,668.94","7,839"
"27-Sep-2024","EQ","95.65","95.65","94.80","95.12","94.88","94.95","95.08","102.75","59.00","3,23,892","3,07,95,596.94","5,664"
"26-Sep-2024","EQ","94.79","95.89","93.70","94.30","95.24","95.12","94.95","102.75","59.00","6,81,933","6,47,47,660.30","5,327"
"25-Sep-2024","EQ","94.29","95.29","93.91","94.07","94.35","94.30","94.35","102.75","59.00","3,26,790","3,08,32,131.91","4,688"
"24-Sep-2024","EQ","94.50","94.50","93.71","93.95","94.28","94.07","93.97","102.75","59.00","1,86,168","1,74,94,768.92","4,551"
"23-Sep-2024","EQ","95.25","95.25","92.13","94.13","93.90","93.95","94.09","102.75","59.00","4,37,966","4,12,06,709.22","6,483"
"20-Sep-2024","EQ","93.97","95.19","93.73","93.19","94.16","94.13","94.13","102.75","59.00","8,44,440","7,94,88,233.40","4,561"
"19-Sep-2024","EQ","96.20","96.20","92.55","93.42","93.30","93.19","93.12","102.75","59.00","4,56,306","4,24,92,134.93","6,756"
"18-Sep-2024","EQ","93.78","93.80","92.90","93.09","93.27","93.42","93.31","102.75","59.00","2,48,091","2,31,49,981.12","4,861"
"17-Sep-2024","EQ","94.67","94.68","92.20","94.44","93.06","93.09","93.33","102.75","59.00","7,65,796","7,14,68,114.67","10,390"
"16-Sep-2024","EQ","94.70","94.97","94.10","94.32","94.39","94.44","94.50","102.75","59.00","2,32,620","2,19,82,249.54","6,235"
"13-Sep-2024","EQ","94.49","94.50","93.40","93.80","94.42","94.32","94.33","102.75","59.00","2,44,019","2,30,17,376.98","3,906"
"12-Sep-2024","EQ","94.55","94.55","93.11","93.20","93.90","93.80","93.79","102.75","59.00","2,27,174","2,13,07,646.38","4,071"
"11-Sep-2024","EQ","93.48","93.76","93.00","93.22","93.31","93.20","93.23","102.75","59.00","1,81,206","1,68,93,011.27","4,661"
"10-Sep-2024","EQ","94.70","94.70","92.50","93.77","93.35","93.22","93.39","102.75","59.00","3,49,959","3,26,83,486.13","7,540"
"09-Sep-2024","EQ","95.90","95.90","91.23","93.09","93.90","93.77","92.73","102.75","59.00","3,74,681","3,47,45,834.64","8,848"
"06-Sep-2024","EQ","94.69","94.69","92.25","93.40","93.20","93.09","93.12","102.75","59.00","4,02,898","3,75,19,589.96","8,378"
"05-Sep-2024","EQ","92.71","94.50","90.71","92.71","93.95","93.40","93.05","102.75","59.00","3,53,494","3,28,92,703.73","6,426"
"04-Sep-2024","EQ","93.89","93.92","91.83","94.32","92.80","92.71","92.73","102.75","59.00","10,40,208","9,64,63,224.79","15,390"
"03-Sep-2024","EQ","95.53","95.53","93.91","94.10","94.59","94.32","94.23","102.75","59.00","2,47,129","2,32,86,681.05","5,083"
"02-Sep-2024","EQ","97.49","97.49","93.51","94.77","94.14","94.10","94.42","102.75","59.00","6,46,004","6,09,97,766.97","10,717"
"30-Aug-2024","EQ","93.99","95.40","93.52","93.98","95.07","94.77","94.49","102.75","59.00","3,57,544","3,37,85,760.46","5,068"
"29-Aug-2024","EQ","94.29","94.29","93.00","94.45","94.04","93.98","93.82","102.75","59.00","5,12,691","4,80,98,439.28","8,622"
"28-Aug-2024","EQ","94.49","94.86","93.41","94.40","94.45","94.45","94.26","102.75","59.00","3,75,987","3,54,39,145.08","6,989"
"27-Aug-2024","EQ","97.30","97.30","93.11","94.49","94.65","94.40","94.20","102.75","59.00","6,57,204","6,19,06,719.94","9,173"
"26-Aug-2024","EQ","96.32","97.00","93.20","95.86","95.00","94.49","94.67","102.75","59.00","13,24,751","12,54,17,543.07","16,945"
"23-Aug-2024","EQ","95.96","96.50","94.00","95.96","95.51","95.86","95.36","102.75","59.00","3,53,325","3,36,92,372.98","7,218"
"22-Aug-2024","EQ","95.70","96.29","95.24","95.42","96.20","95.96","95.88","102.75","59.00","3,09,089","2,96,35,274.65","5,156"
"21-Aug-2024","EQ","95.61","95.99","94.24","95.61","95.70","95.42","95.33","102.75","59.00","5,15,953","4,91,88,232.30","7,634"
"20-Aug-2024","EQ","95.48","96.00","95.01","94.45","95.50","95.61","95.51","102.75","59.00","2,77,750","2,65,27,499.42","4,648"
"19-Aug-2024","EQ","95.90","95.98","93.80","95.32","95.25","94.45","94.94","102.75","59.00","6,43,319","6,10,77,598.16","10,456"
"16-Aug-2024","EQ","94.99","95.55","94.32","93.92","95.55","95.32","94.94","102.75","59.00","3,91,278","3,71,49,313.56","6,599"
"14-Aug-2024","EQ","94.06","94.79","93.50","92.83","93.95","93.92","93.87","102.75","59.00","4,21,486","3,95,65,625.34","4,843"
"13-Aug-2024","EQ","93.00","94.00","91.75","92.51","93.24","92.83","92.79","102.75","59.00","4,71,441","4,37,43,659.32","7,152"
"12-Aug-2024","EQ","95.48","95.88","91.26","94.39","93.14","92.51","93.41","102.75","59.00","7,74,693","7,23,65,854.15","13,084"
"09-Aug-2024","EQ","93.61","94.75","92.40","92.36","94.75","94.39","93.65","102.75","59.00","4,32,906","4,05,39,882.24","7,759"
"08-Aug-2024","EQ","92.97","92.98","90.70","91.46","92.80","92.36","92.11","102.75","59.00","5,23,868","4,82,51,156.26","9,689"
"07-Aug-2024","EQ","93.88","95.00","89.25","91.16","91.95","91.46","92.32","102.75","59.00","11,80,541","10,89,84,603.59","14,699"
"06-Aug-2024","EQ","92.92","94.51","90.00","92.54","91.38","91.16","92.38","102.75","59.00","13,47,310","12,44,62,608.87","19,012"
"05-Aug-2024","EQ","95.00","95.00","91.80","96.04","92.18","92.54","92.92","102.75","59.00","18,24,916","16,95,62,737.23","33,255"
"02-Aug-2024","EQ","99.45","99.45","94.79","97.53","95.97","96.04","96.54","102.75","59.00","6,81,099","6,57,55,349.10","13,990"
"01-Aug-2024","EQ","100.65","100.65","96.36","98.23","97.80","97.53","97.93","102.75","59.00","8,86,107","8,67,80,217.74","11,924"
"31-Jul-2024","EQ","98.41","99.49","97.51","98.36","98.45","98.23","98.43","102.75","59.00","3,23,799","3,18,70,143.85","5,710"
"30-Jul-2024","EQ","100.81","100.89","97.20","99.38","99.10","98.36","98.82","102.75","59.00","6,27,484","6,20,08,732.77","9,923"
"29-Jul-2024","EQ","101.20","101.20","97.50","98.25","99.20","99.38","98.87","102.75","59.00","3,77,496","3,73,23,218.61","7,594"
"26-Jul-2024","EQ","96.95","98.90","96.21","96.95","98.00","98.25","97.51","102.75","59.00","3,64,432","3,55,35,401.78","6,655"
"25-Jul-2024","EQ","98.20","98.20","95.18","98.29","96.67","96.95","96.91","102.75","59.00","7,78,951","7,54,90,406.14","15,495"
"24-Jul-2024","EQ","99.83","99.83","97.39","97.39","98.40","98.29","98.20","102.75","59.00","2,68,574","2,63,75,241.22","6,668"
"23-Jul-2024","EQ","100.13","100.13","97.16","98.13","97.97","97.39","98.15","102.75","59.00","6,37,319","6,25,53,802.19","8,232"
"22-Jul-2024","EQ","97.00","98.87","96.61","96.98","98.45","98.13","97.65","102.75","59.00","5,04,616","4,92,74,782.58","10,375"
"19-Jul-2024","EQ","99.45","99.45","96.67","99.45","97.41","96.98","97.88","102.75","59.00","9,11,070","8,91,74,703.89","16,511"
"18-Jul-2024","EQ","101.24","101.24","98.49","100.59","99.40","99.45","99.21","102.75","59.00","7,58,323","7,52,32,497.65","15,639"
"16-Jul-2024","EQ","102.25","102.25","100.28","101.10","100.53","100.59","100.90","102.75","59.00","5,16,762","5,21,41,184.83","7,318"
"15-Jul-2024","EQ","101.90","102.25","100.04","100.04","101.10","101.10","101.00","102.75","59.00","3,76,760","3,80,52,751.92","7,487"
"12-Jul-2024","EQ","101.66","101.66","99.62","101.66","100.60","100.04","100.16","102.75","59.00","11,37,578","11,39,41,777.33","15,769"
"11-Jul-2024","EQ","102.44","102.44","100.46","100.46","101.71","101.66","101.69","102.75","59.00","6,33,693","6,44,40,358.63","10,904"
"10-Jul-2024","EQ","99.80","101.37","99.80","100.10","100.51","100.46","100.69","102.75","59.00","5,98,503","6,02,60,615.15","8,567"
"09-Jul-2024","EQ","99.89","102.75","99.55","99.53","100.20","100.10","100.24","102.75","59.00","5,30,210","5,31,48,679.88","7,196"
"08-Jul-2024","EQ","99.90","99.90","98.88","98.72","99.60","99.53","99.50","99.90","59.00","7,66,411","7,62,61,471.08","7,088"
"05-Jul-2024","EQ","95.15","98.89","95.15","98.10","98.76","98.72","98.52","99.79","59.00","5,04,727","4,97,24,591.20","8,086"
"04-Jul-2024","EQ","97.50","98.35","97.48","97.08","98.15","98.10","98.09","99.79","59.00","7,88,035","7,72,97,547.69","7,461"
"03-Jul-2024","EQ","95.80","97.20","95.80","95.27","97.07","97.08","96.54","99.79","59.00","11,34,967","10,95,74,761.37","9,473"
"02-Jul-2024","EQ","95.00","95.54","94.94","94.63","95.27","95.27","95.24","99.79","59.00","4,65,837","4,43,65,008.18","5,745"
"01-Jul-2024","EQ","94.97","94.98","94.02","94.38","94.80","94.63","94.68","99.79","59.00","2,88,370","2,73,03,723.01","10,031"
"28-Jun-2024","EQ","94.45","94.59","93.61","93.47","94.59","94.38","94.20","99.79","59.00","6,14,958","5,79,26,746.86","6,168"
"27-Jun-2024","EQ","93.39","93.97","93.21","92.76","93.69","93.47","93.57","99.79","59.00","4,52,485","4,23,39,979.48","7,664"
"26-Jun-2024","EQ","94.48","94.69","91.91","93.95","92.88","92.76","93.17","99.79","59.00","6,43,046","5,99,12,063.70","10,335"
"25-Jun-2024","EQ","94.28","94.29","93.54","94.39","94.19","93.95","94.01","99.79","59.00","3,64,770","3,42,92,286.97","8,571"
"24-Jun-2024","EQ","95.87","95.87","94.17","94.69","94.55","94.39","94.55","99.79","59.00","2,97,602","2,81,38,326.32","8,035"
"21-Jun-2024","EQ","95.00","95.30","94.26","95.19","94.70","94.69","94.72","99.79","59.00","6,24,604","5,91,59,541.85","8,420"
"20-Jun-2024","EQ","95.00","95.30","94.51","94.73","95.21","95.19","94.93","99.79","59.00","3,66,856","3,48,24,343.95","5,593"
"19-Jun-2024","EQ","95.69","95.70","94.25","95.34","94.51","94.73","94.77","99.79","59.00","6,20,135","5,87,72,210.44","9,128"
"18-Jun-2024","EQ","96.12","96.88","94.50","95.22","95.49","95.34","95.35","99.79","59.00","6,47,940","6,17,78,147.87","8,084"
"14-Jun-2024","EQ","95.88","95.88","94.91","95.01","95.40","95.22","95.23","99.79","59.00","3,04,742","2,90,19,348.73","6,509"
"13-Jun-2024","EQ","95.90","96.10","94.80","94.96","94.97","95.01","95.42","99.79","59.00","5,36,821","5,12,22,842.69","8,673"
"12-Jun-2024","EQ","95.89","95.99","94.80","95.25","95.10","94.96","95.22","99.79","59.00","4,48,671","4,27,22,529.11","9,381"
"11-Jun-2024","EQ","95.40","95.98","94.43","95.39","95.45","95.25","95.34","99.79","59.00","4,35,773","4,15,46,301.81","6,734"
"10-Jun-2024","EQ","95.45","95.45","94.65","95.14","95.44","95.39","95.24","99.79","59.00","3,21,105","3,05,82,709.96","6,626"
"07-Jun-2024","EQ","95.50","95.50","93.72","94.23","95.44","95.14","94.96","99.79","59.00","3,33,635","3,16,81,187.46","4,916"
"06-Jun-2024","EQ","94.13","95.48","93.10","93.55","94.49","94.23","94.42","99.79","59.00","4,76,508","4,49,92,955.10","6,743"
"05-Jun-2024","EQ","93.48","93.97","92.01","92.78","93.66","93.55","93.16","99.79","59.00","3,88,831","3,62,24,691.71","8,937"
"04-Jun-2024","EQ","95.68","95.69","91.12","94.61","93.45","92.78","93.22","99.79","59.00","8,25,648","7,69,69,667.43","12,976"
"03-Jun-2024","EQ","97.95","97.95","93.05","95.12","94.93","94.61","94.72","99.79","59.00","8,50,425","8,05,55,719.75","13,889"
"31-May-2024","EQ","94.83","95.49","94.76","94.77","95.27","95.12","95.15","99.79","57.15","2,51,988","2,39,77,493.57","6,185"
"30-May-2024","EQ","95.90","96.45","94.28","95.91","94.57","94.77","95.22","99.79","57.15","4,28,694","4,08,22,145.11","8,623"
"29-May-2024","EQ","96.05","96.87","95.52","96.05","95.78","95.91","95.99","99.79","57.15","3,01,144","2,89,07,873.47","6,453"
"28-May-2024","EQ","96.28","96.28","95.50","95.66","96.05","96.05","95.98","99.79","57.15","2,53,592","2,43,38,891.14","5,714"
"27-May-2024","EQ","95.94","97.00","95.45","95.93","95.82","95.66","95.93","99.79","57.15","5,55,032","5,32,44,346.63","10,311"
"24-May-2024","EQ","96.27","96.47","94.84","96.05","95.99","95.93","95.74","99.79","54.87","4,82,078","4,61,54,102.48","10,289"
"23-May-2024","EQ","95.99","96.39","94.21","95.43","95.96","96.05","95.82","99.79","54.87","4,32,863","4,14,75,061.96","5,385"
"22-May-2024","EQ","96.00","96.87","93.58","95.58","95.60","95.43","95.68","99.79","54.87","5,83,900","5,58,69,921.11","8,949"
"21-May-2024","EQ","93.01","95.96","93.01","90.24","95.96","95.58","94.98","99.79","54.87","5,51,629","5,23,96,371.60","11,202"
"18-May-2024","EQ","90.24","90.24","90.24","95.51","90.24","90.24","90.24","99.79","51.86","1,06,071","95,71,847.04","421"
"17-May-2024","EQ","95.87","95.88","95.20","95.25","95.60","95.51","95.50","99.79","51.86","2,73,222","2,60,94,051.60","5,287"
"16-May-2024","EQ","95.90","96.40","94.60","95.18","95.44","95.25","95.33","99.79","51.86","4,71,382","4,49,38,627.52","6,325"
"15-May-2024","EQ","97.85","97.85","94.00","94.99","95.29","95.18","95.12","99.79","51.86","3,65,368","3,47,54,934.44","5,576"
"14-May-2024","EQ","94.73","96.44","93.50","94.73","95.05","94.99","95.00","99.79","51.86","5,07,992","4,82,60,950.09","7,544"
"13-May-2024","EQ","96.99","98.41","94.05","95.27","95.10","94.73","95.43","99.79","51.86","7,76,620","7,41,12,150.90","8,688"
"10-May-2024","EQ","96.97","97.42","93.12","96.41","95.39","95.27","96.12","99.79","49.49","5,20,665","5,00,45,565.65","7,600"
"09-May-2024","EQ","97.96","97.97","95.54","97.31","96.23","96.41","96.93","99.79","49.49","2,45,930","2,38,37,144.80","7,721"
"08-May-2024","EQ","96.96","97.50","96.00","96.07","97.40","97.31","97.01","99.79","49.49","2,04,930","1,98,79,298.24","5,345"
"07-May-2024","EQ","97.05","99.36","95.88","96.80","96.39","96.07","97.61","99.79","49.49","7,20,092","7,02,88,419.80","9,032"
"06-May-2024","EQ","96.80","97.05","96.06","95.26","96.99","96.80","96.67","99.79","49.49","3,49,232","3,37,61,377.79","6,718"
"03-May-2024","EQ","96.40","96.40","94.75","96.85","95.60","95.26","95.59","99.79","48.55","8,68,163","8,29,90,800.67","13,846"
"02-May-2024","EQ","96.88","98.50","95.11","96.07","96.97","96.85","97.44","99.79","48.55","5,58,737","5,44,41,846.71","9,652"
"30-Apr-2024","EQ","97.00","97.58","94.26","94.26","96.41","96.07","96.39","99.79","48.55","4,77,633","4,60,38,196.67","7,857"
"29-Apr-2024","EQ","94.99","94.99","92.20","95.41","94.99","94.26","94.68","99.79","48.55","4,32,768","4,09,72,461.74","11,735"
"26-Apr-2024","EQ","94.90","95.41","94.90","94.83","95.41","95.41","95.41","99.79","47.05","1,27,473","1,21,62,098.72","2,397"
"25-Apr-2024","EQ","94.00","94.87","93.50","92.89","94.82","94.83","94.77","99.79","47.05","3,01,272","2,85,51,749.31","4,538"
"24-Apr-2024","EQ","92.89","92.89","90.12","92.29","92.89","92.89","92.80","99.79","47.05","1,22,579","1,13,74,832.45","1,360"
"23-Apr-2024","EQ","92.29","92.29","92.29","95.89","92.29","92.29","92.29","99.79","47.05","5,19,170","4,79,14,199.30","5,172"
"22-Apr-2024","EQ","95.89","95.89","95.65","97.11","95.89","95.89","95.89","99.79","47.05","1,07,207","1,02,79,931.33","2,658"
"19-Apr-2024","EQ","96.18","97.71","95.06","96.17","97.25","97.11","96.49","99.79","47.05","4,16,767","4,02,11,884.23","6,706"
"18-Apr-2024","EQ","96.70","97.70","95.15","95.14","96.90","96.17","96.90","99.79","47.05","4,96,812","4,81,43,402.58","9,997"
"16-Apr-2024","EQ","97.44","98.44","94.12","97.77","95.50","95.14","96.10","99.79","47.05","9,42,445","9,05,72,660.74","16,210"
"15-Apr-2024","EQ","99.18","99.18","93.66","98.91","97.60","97.77","96.75","99.79","47.05","9,66,002","9,34,56,955.39","15,417"
"12-Apr-2024","EQ","99.75","99.79","98.50","99.10","99.24","98.91","99.54","99.79","47.05","5,78,206","5,75,56,610.42","8,392"
"10-Apr-2024","EQ","99.58","99.68","96.68","99.58","99.00","99.10","98.90","99.68","47.05","8,84,025","8,74,34,228.17","12,816"
"09-Apr-2024","EQ","96.30","99.58","93.76","97.12","99.58","99.58","98.85","99.58","47.05","5,52,410","5,46,03,308.89","6,625"
"08-Apr-2024","EQ","93.79","98.18","93.66","95.52","96.49","97.12","97.60","98.97","47.05","11,85,036","11,56,59,014.41","18,328"
"05-Apr-2024","EQ","91.95","98.97","91.02","91.95","95.70","95.52","93.66","98.97","47.05","7,75,793","7,26,64,310.86","9,439"
"04-Apr-2024","EQ","89.75","92.50","88.50","89.59","92.00","91.95","91.21","92.50","47.05","5,83,733","5,32,39,474.26","7,749"
"03-Apr-2024","EQ","87.99","91.36","87.00","87.99","90.30","89.59","88.38","91.36","47.05","4,25,684","3,76,20,584.56","7,443"
"02-Apr-2024","EQ","88.80","88.98","86.50","88.27","87.80","87.99","88.38","88.98","47.05","4,96,632","4,38,94,063.32","6,305"
"01-Apr-2024","EQ","87.82","88.70","87.57","87.56","88.56","88.27","88.29","88.72","47.05","4,44,671","3,92,62,179.31","7,223"
"28-Mar-2024","EQ","86.21","88.72","86.21","86.21","87.49","87.56","87.39","88.72","47.05","7,96,867","6,96,36,320.42","8,627"
"27-Mar-2024","EQ","85.74","86.49","85.50","85.74","86.45","86.21","86.03","86.55","47.05","2,76,538","2,37,89,833.18","3,914"
"26-Mar-2024","EQ","85.94","86.00","84.02","84.48","85.90","85.74","85.28","86.55","47.05","4,67,622","3,98,78,359.58","6,996"
"22-Mar-2024","EQ","84.91","84.99","84.02","84.92","84.50","84.48","84.43","86.55","46.55","3,50,643","2,96,06,302.72","5,167"
"21-Mar-2024","EQ","84.60","85.49","84.13","83.66","84.61","84.92","84.79","86.55","46.55","2,97,653","2,52,38,794.34","4,572"
"20-Mar-2024","EQ","83.89","84.00","82.32","82.49","83.82","83.66","83.31","86.55","46.55","2,65,649","2,21,31,215.80","4,392"
"19-Mar-2024","EQ","85.40","85.40","82.08","82.92","83.16","82.49","82.91","86.55","46.55","3,96,702","3,28,90,637.97","4,560"
"18-Mar-2024","EQ","82.95","83.98","80.91","82.58","83.30","82.92","81.70","86.55","46.55","5,25,393","4,29,25,748.46","9,130"
"15-Mar-2024","EQ","86.55","86.55","81.98","84.05","82.99","82.58","82.52","86.55","43.02","8,52,736","7,03,67,577.67","11,289"
"14-Mar-2024","EQ","84.00","85.38","82.62","83.67","84.65","84.05","83.96","86.19","43.02","9,59,211","8,05,34,653.93","8,258"
"13-Mar-2024","EQ","85.99","86.19","81.50","85.18","84.00","83.67","84.29","86.19","43.02","7,54,991","6,36,38,145.66","10,764"
"12-Mar-2024","EQ","85.57","85.90","85.03","85.57","85.40","85.18","85.60","86.00","43.02","4,77,092","4,08,39,715.10","5,668"
"11-Mar-2024","EQ","85.98","85.98","83.59","84.90","85.45","85.57","84.92","86.00","43.02","5,50,373","4,67,35,366.24","7,371"
"07-Mar-2024","EQ","85.30","85.30","83.90","84.60","85.00","84.90","84.60","86.00","43.02","4,13,136","3,49,51,633.43","5,957"
"06-Mar-2024","EQ","84.33","86.00","83.16","84.42","85.40","84.60","84.09","86.00","43.02","5,06,428","4,25,83,953.09","6,930"
"05-Mar-2024","EQ","85.50","85.50","83.87","84.70","84.69","84.42","84.33","86.00","43.02","6,71,301","5,66,14,153.57","7,443"
"04-Mar-2024","EQ","84.98","84.98","84.32","84.36","84.78","84.70","84.64","86.00","43.02","4,69,298","3,97,22,840.21","5,838"
"02-Mar-2024","EQ","84.33","84.94","84.02","83.45","84.38","84.36","84.45","86.00","43.02","1,21,440","1,02,55,569.38","1,509"
"01-Mar-2024","EQ","84.98","84.98","83.02","83.36","83.51","83.45","83.54","86.00","43.02","6,06,219","5,06,42,189.78","6,723"
"29-Feb-2024","EQ","83.83","84.00","82.90","83.46","83.47","83.36","83.20","86.00","43.02","3,87,653","3,22,53,430.99","5,578"
"28-Feb-2024","EQ","84.00","86.00","83.00","83.50","83.27","83.46","83.85","86.00","43.02","4,34,157","3,64,04,626.53","6,216"
"27-Feb-2024","EQ","83.76","84.00","83.05","83.43","83.45","83.50","83.68","84.48","43.02","5,31,687","4,44,92,626.22","4,457"
"26-Feb-2024","EQ","83.48","83.88","83.00","83.27","83.49","83.43","83.58","84.48","43.02","6,72,381","5,61,98,597.39","5,744"
"23-Feb-2024","EQ","82.98","84.48","82.89","81.78","83.27","83.27","83.51","84.48","43.02","11,21,726","9,36,79,725.80","7,320"
"22-Feb-2024","EQ","80.99","82.60","80.99","80.19","82.00","81.78","81.75","82.89","43.02","9,40,219","7,68,59,138.75","4,572"
"21-Feb-2024","EQ","81.33","81.33","79.48","81.33","80.50","80.19","80.05","82.89","43.02","12,69,738","10,16,37,336.10","12,186"
"20-Feb-2024","EQ","82.50","82.50","81.00","82.40","81.50","81.33","81.49","82.89","43.02","7,58,185","6,17,85,982.20","8,348"
"19-Feb-2024","EQ","82.00","82.48","81.13","82.52","82.48","82.40","82.08","82.89","43.02","6,16,948","5,06,36,529.12","6,953"
"16-Feb-2024","EQ","81.00","82.89","81.00","81.26","82.88","82.52","82.20","82.89","43.02","5,25,654","4,32,10,973.90","4,316"
"15-Feb-2024","EQ","79.80","81.87","79.80","79.85","81.55","81.26","81.36","82.00","43.02","4,12,339","3,35,47,323.02","4,185"
"14-Feb-2024","EQ","80.48","80.48","79.30","80.81","80.31","79.85","79.83","82.00","43.02","6,62,682","5,29,04,002.82","8,382"
"13-Feb-2024","EQ","82.00","82.00","80.21","81.30","80.83","80.81","80.73","82.00","43.02","3,82,256","3,08,60,708.01","6,759"
"12-Feb-2024","EQ","81.99","81.99","81.06","80.67","81.40","81.30","81.41","81.99","43.02","5,67,362","4,61,87,291.59","7,532"
"09-Feb-2024","EQ","80.09","80.90","79.82","80.09","80.89","80.67","80.52","81.50","43.02","5,98,548","4,81,95,700.51","5,255"
"08-Feb-2024","EQ","80.00","81.50","79.56","78.79","80.50","80.09","80.00","81.50","43.02","4,87,878","3,90,30,695.29","5,003"
"07-Feb-2024","EQ","80.00","80.00","78.32","79.01","79.00","78.79","78.96","80.00","43.02","4,51,801","3,56,75,765.77","5,491"
"06-Feb-2024","EQ","79.25","79.55","78.80","78.58","79.00","79.01","79.20","79.79","43.02","7,87,277","6,23,51,541.88","5,012"
"05-Feb-2024","EQ","77.38","79.79","77.30","77.52","79.00","78.58","78.84","79.79","43.02","8,09,780","6,38,44,622.50","7,753"
"02-Feb-2024","EQ","75.97","78.25","75.52","74.66","77.32","77.52","76.91","78.25","41.59","10,77,808","8,28,89,780.09","5,363"
"01-Feb-2024","EQ","78.05","78.05","72.89","75.78","75.00","74.66","74.39","78.05","41.59","7,92,439","5,89,48,303.33","9,963"
"31-Jan-2024","EQ","77.00","77.27","75.13","76.69","75.90","75.78","76.03","77.27","41.59","5,15,115","3,91,62,460.50","7,336"
"30-Jan-2024","EQ","76.50","76.89","76.46","75.91","76.78","76.69","76.64","76.89","41.59","6,47,107","4,95,92,640.04","3,950"
"29-Jan-2024","EQ","76.00","76.25","75.70","75.86","76.15","75.91","76.04","76.25","41.59","4,60,901","3,50,46,369.63","6,133"
"25-Jan-2024","EQ","75.39","75.99","75.21","75.04","75.75","75.86","75.74","75.99","38.99","6,46,577","4,89,70,108.49","5,217"
"24-Jan-2024","EQ","75.00","75.20","74.27","73.90","75.00","75.04","74.90","75.37","38.99","10,45,626","7,83,13,748.15","4,479"
"23-Jan-2024","EQ","74.44","74.45","73.60","74.01","73.86","73.90","73.91","75.37","38.99","5,50,594","4,06,96,744.10","6,622"
"20-Jan-2024","EQ","73.11","75.37","73.11","72.53","74.05","74.01","74.27","75.37","38.05","12,86,436","9,55,44,501.54","5,553"
"19-Jan-2024","EQ","72.09","72.58","71.62","71.39","72.48","72.53","72.38","74.50","38.05","10,95,113","7,92,65,973.69","4,474"
"18-Jan-2024","EQ","71.49","71.68","70.69","71.12","71.38","71.39","71.24","74.50","38.05","6,26,347","4,46,19,519.78","4,300"
"17-Jan-2024","EQ","71.79","72.14","71.01","71.84","71.31","71.12","71.22","74.50","38.05","10,53,777","7,50,51,869.34","5,658"
"16-Jan-2024","EQ","71.89","72.09","71.50","71.77","71.90","71.84","71.79","74.50","38.05","4,92,239","3,53,35,392.19","4,755"
"15-Jan-2024","EQ","72.41","72.41","71.66","71.76","71.94","71.77","71.91","74.50","38.05","4,04,236","2,90,67,403.00","5,476"
"12-Jan-2024","EQ","72.24","72.24","71.61","72.01","71.72","71.76","71.93","74.50","36.61","3,09,897","2,22,89,347.29","4,620"
"11-Jan-2024","EQ","71.31","72.10","71.31","71.03","72.07","72.01","71.81","74.50","36.61","11,79,651","8,47,07,119.33","4,737"
"10-Jan-2024","EQ","71.49","71.49","70.63","70.94","71.01","71.03","71.14","74.50","36.61","6,02,091","4,28,33,302.10","3,775"
"09-Jan-2024","EQ","70.00","72.75","69.90","69.78","71.14","70.94","71.20","74.50","36.61","8,87,515","6,31,91,247.72","4,854"
"08-Jan-2024","EQ","71.13","71.13","69.56","70.93","70.09","69.78","69.97","74.50","36.61","10,44,430","7,30,81,507.45","8,179"
"05-Jan-2024","EQ","70.40","71.23","69.32","70.22","70.93","70.93","70.02","74.50","36.00","11,34,246","7,94,16,692.56","7,913"
"04-Jan-2024","EQ","73.15","73.16","69.71","71.00","70.59","70.22","70.41","74.50","36.00","12,97,948","9,13,88,328.18","9,048"
"03-Jan-2024","EQ","72.61","72.61","70.40","72.56","71.38","71.00","70.98","74.50","36.00","14,66,119","10,40,59,281.67","10,365"
"02-Jan-2024","EQ","73.01","73.33","72.12","73.02","72.60","72.56","72.81","74.50","36.00","5,86,971","4,27,35,851.65","5,220"
"01-Jan-2024","EQ","74.50","74.50","72.50","73.01","73.09","73.02","72.98","74.50","36.00","4,03,094","2,94,16,071.99","5,785"
"29-Dec-2023","EQ","73.35","73.49","72.72","73.29","73.22","73.01","73.19","73.64","36.00","6,13,165","4,48,76,226.55","5,173"
"28-Dec-2023","EQ","73.48","73.64","73.09","73.09","73.55","73.29","73.34","73.64","36.00","4,84,880","3,55,62,168.06","4,129"
"27-Dec-2023","EQ","72.65","73.49","72.65","72.64","73.05","73.09","73.15","73.49","36.00","5,95,878","4,35,87,745.72","3,947"
"26-Dec-2023","EQ","73.06","73.06","72.50","72.50","72.65","72.64","72.71","73.06","36.00","9,80,862","7,13,15,274.29","4,819"
"22-Dec-2023","EQ","72.99","72.99","72.18","72.18","72.60","72.50","72.60","72.99","36.00","3,63,475","2,63,87,551.92","3,258"
"21-Dec-2023","EQ","72.04","72.36","70.76","72.04","72.35","72.18","71.69","72.97","36.00","3,87,479","2,77,78,735.87","5,118"
"20-Dec-2023","EQ","72.16","72.97","71.17","72.17","71.38","72.04","72.28","72.97","36.00","6,97,283","5,03,98,301.06","5,764"
"19-Dec-2023","EQ","72.00","72.74","71.83","71.45","72.13","72.17","72.09","72.74","36.00","4,37,628","3,15,46,661.24","3,832"
"18-Dec-2023","EQ","71.50","71.65","71.27","71.15","71.45","71.45","71.43","71.65","36.00","5,53,371","3,95,25,531.84","4,082"
"15-Dec-2023","EQ","71.18","71.57","70.94","71.17","71.25","71.15","71.25","71.57","36.00","4,98,930","3,55,48,898.02","4,608"
"14-Dec-2023","EQ","69.99","71.30","69.99","69.72","71.30","71.17","70.73","71.30","36.00","9,14,139","6,46,58,790.25","4,953"
"13-Dec-2023","EQ","69.50","69.80","69.50","69.05","69.75","69.72","69.69","71.00","36.00","5,09,914","3,55,37,750.08","3,493"
"12-Dec-2023","EQ","69.01","69.48","69.00","69.01","69.00","69.05","69.15","71.00","36.00","3,50,477","2,42,34,590.97","3,131"
"11-Dec-2023","EQ","69.00","69.49","68.05","68.51","69.06","69.01","69.08","71.00","36.00","6,46,121","4,46,33,036.01","4,313"
"08-Dec-2023","EQ","69.00","69.00","68.00","67.47","68.50","68.51","68.49","71.00","35.20","3,82,663","2,62,10,338.02","3,555"
"07-Dec-2023","EQ","68.24","68.24","67.26","68.24","67.84","67.47","67.60","71.00","35.20","6,38,059","4,31,33,751.83","5,836"
"06-Dec-2023","EQ","69.40","70.11","67.56","67.37","68.20","68.24","68.26","71.00","35.20","5,16,820","3,52,78,109.61","3,815"
"05-Dec-2023","EQ","68.66","68.67","67.10","68.26","67.82","67.37","67.57","71.00","35.20","9,68,335","6,54,31,338.36","7,519"
"04-Dec-2023","EQ","70.59","70.59","68.02","68.64","68.55","68.26","68.46","71.00","35.20","8,32,117","5,69,67,430.75","6,194"